patient,days_between,before_series,after_series,before_acq,after_acq,before_acq_count,after_acq_count,before_slice_mm,after_slice_mm,liver_ml,tumour_ml,rigid_shift_mm,rigid_rotation_deg,aorta_HU_before,aorta_HU_after,liver_shift_HU,MAE_shift_corrected_HU,tumour_HU_before,tumour_HU_after,tumour_p95_before,tumour_p95_after,grid_nodes,time_download_s,time_rigid_s,time_deformable_s,none_MAE_HU,none_NCC,none_PSNR_dB,none_coverage_pct,rigid_MAE_HU,rigid_NCC,rigid_PSNR_dB,rigid_coverage_pct,deformable_MAE_HU,deformable_NCC,deformable_PSNR_dB,deformable_coverage_pct,jac_fold_pct_liver,jac_min_liver,jac_mean_tumour,time_total_s
HCC_002,160,Recon 2 LIVER 3 PHASE AP,Recon 2 LIVER 3 PHASE AP,1,1,2,2,2.5,2.5,2056.8,495.0,39.7,1.72,332.0,349.29290771484375,-6.082145690917969,35.295738220214844,76.0,67.47908020019531,141.0,183.23233032226562,"[6, 6, 6]",63,15,130,87.02632904052734,0.04956589518777132,10.849743903571145,90.09444983498457,45.78913116455078,0.09022030650320746,15.461237332524249,97.26629304274175,35.6859130859375,0.14216482081382353,18.106803890620697,99.9675485878768,0.0,0.36855344136985574,1.0378885042521675,217
HCC_003,49,Recon 2 LIVER 3 PHASE AP,Recon 2 3 PHASE LIVER ABD,1,1,2,2,2.5,2.5,1291.2,1780.4,31.3,4.22,362.0,381.20562744140625,-3.6266345977783203,27.483943939208984,80.0,83.05166625976562,127.0,126.88360595703125,"[6, 6, 6]",76,17,83,50.16635513305664,0.03378250679613126,14.036009484757855,96.18741937056954,27.93523406982422,-0.004248609479998953,19.904311215495916,99.99889169167749,27.672916412353516,0.0829504869231019,19.936242288255272,99.99645341336797,0.0,0.1111187266430794,1.1241770024825932,184
HCC_004,53,Recon 3 LIVER 3 PHASE AP,Recon 2 LIVER 3 PHASE AP,2,3,1,2,2.5,2.5,1119.1,154.8,174.9,2.04,182.0,172.4747772216797,23.946067810058594,39.833370208740234,128.0,132.1148681640625,176.0,169.11773681640625,"[6, 6, 6]",59,18,75,214.7075958251953,-0.13981659868158486,4.771789382861741,2.125837721452951,68.61700439453125,0.03035357867080167,12.936723199189771,99.91520244954316,46.64204025268555,0.10419375407889304,15.389684034573904,99.53269175998237,21.426376082704664,-1.018965489318529,1.9477151033378743,159
HCC_005,97,LIVER 3 PHASE AP,Recon 3 3 PHASE LIVER ABD,3,2,1,1,2.5,2.5,1992.2,307.2,37.0,2.66,131.0,194.78948974609375,-24.939056396484375,39.228492736816406,104.0,113.76680755615234,167.0,166.11834716796875,"[6, 6, 6]",310,7,51,75.57904815673828,0.07478064842570235,11.876763604848684,99.83133411071594,50.54199981689453,0.03900093557278058,15.534708344676773,99.68573442142585,44.70029067993164,0.31242283922359054,16.729487520229142,98.66389264461732,0.0,0.5049418436810792,0.9440169721516082,375
HCC_006,169,LIVER 3 PHASE AP,Recon 3 LIVER 3 PHASE AP,3,2,1,1,2.5,2.5,1379.3,12.8,39.9,10.61,133.0,166.364013671875,-12.865585327148438,37.852264404296875,91.0,147.23809814453125,139.85009765625,1755.2203369140625,"[6, 6, 6]",21,18,66,57.255802154541016,0.03798405195417592,14.446559088203315,99.97887980720598,56.08546829223633,0.08837774560326905,14.626471830095994,99.9892175857841,39.40666198730469,0.17137242222340182,17.57846299256174,99.98966222142188,0.0,0.23404045233106865,0.8797567516764986,114
HCC_007,77,Recon 2 LIVER 3 PHASE AP,Recon 2 3 PHASE LIVER ABD,2,1,2,2,2.5,2.5,1349.8,703.2,35.7,8.02,264.0,279.15625,-35.98519515991211,26.992807388305664,104.0,66.81976318359375,167.0,238.24575805664062,"[6, 6, 6]",38,17,49,99.90765380859375,0.030894639296567224,9.975436953455663,99.97137370436194,42.045616149902344,0.07539994378798204,17.698512988012865,99.99652110990509,42.59978103637695,0.12283609133182574,17.559232022523354,99.9775363096729,0.0,0.6918008303242754,0.9940039667553254,111
HCC_008,39,3 PHASE LIVER ABD,Recon 2 3 PHASE LIVER ABD,1,2,3,2,2.5,2.5,834.1,293.8,48.7,3.06,252.0,284.9351806640625,-1.2060718536376953,30.667766571044922,57.0,46.606563568115234,105.0,87.48145294189453,"[6, 6, 6]",22,13,66,58.75388717651367,0.026364298787339667,14.233634089883381,93.94474226804124,32.970924377441406,0.06406454648931073,19.33699871604786,100.0,30.684404373168945,0.06916381353286404,19.791239463217458,100.0,0.0,0.043124331715477554,1.4046002048008763,108
HCC_010,71,Recon 2 LIVER 3 PHASE AP,Recon 2 LIVER 3 PHASE AP,1,1,2,1,2.5,2.5,1552.5,69.6,58.6,5.91,359.0,396.6631774902344,3.6588973999023438,28.866090774536133,73.0,207.29217529296875,129.0,1224.3876953125,"[6, 6, 6]",19,8,111,86.82225036621094,-0.023007204249416303,10.915507509944895,98.3714656324096,31.576875686645508,0.6555857389867954,17.720120621091297,100.0,29.054609298706055,0.699501998986012,18.211590771698354,100.0,0.6175669136934322,-0.19269711055049976,0.7873101398511905,144
HCC_011,139,Recon 2 LIVER 3 PHASE AP,Recon 2 3 PHASE LIVER ABD,1,1,3,1,2.5,2.5,1942.1,119.4,50.8,3.91,277.0,309.38629150390625,5.057456970214844,25.48264503479004,73.0,78.36991882324219,122.0,118.03181457519531,"[6, 6, 6]",18,7,64,67.5717544555664,0.01408822569322131,12.953708095716195,92.6599994650677,27.940099716186523,0.28003195172059353,20.227517620263384,99.74566400902577,25.833887100219727,0.357782190656552,21.115447024324475,99.94310265593884,0.0,0.826178247847097,1.0390790971574215,96
HCC_012,91,Recon 2 LIVER 3 PHASE CAP,Recon 2 LIVER 3 PHASE CAP,1,1,1,1,2.5,2.5,1452.9,23.4,25.8,2.86,264.0,222.750732421875,14.157615661621094,26.216468811035156,41.0,90.07359313964844,75.0,570.6800537109375,"[6, 6, 6]",12,9,70,41.6536979675293,0.04215142182679641,17.46181306895147,100.0,34.15178298950195,0.11431310921253221,18.89429913714762,100.0,29.02838134765625,0.36384044096759627,20.370676928911013,100.0,5.137875101378751,-0.6883715458452024,0.9634669622681996,97
HCC_013,90,Recon 3 LIVER 3 PHASE AP,Recon 3 LIVER 3 PHASE AP,2,2,1,1,2.5,2.5,1510.1,108.5,66.9,0.92,126.0,134.4932098388672,-21.832901000976562,33.634429931640625,95.0,88.6393051147461,147.0,545.4476318359375,"[6, 6, 6]",9,6,38,96.51248168945312,-0.011056859984056864,10.661307188271188,87.53027331670917,40.0330696105957,0.0971707129508085,17.56032996121163,100.0,38.396881103515625,0.11759454863346681,18.04589149151751,100.0,0.0,0.8504571257024152,1.0299725225767111,60
HCC_014,101,LIVER 3 PHASE AP,3 PHASE LIVER ABD,3,3,1,1,2.5,2.5,782.1,39.0,21.8,3.34,176.0,174.16004943847656,2.8831558227539062,19.283733367919922,119.0,146.18280029296875,150.0,735.4733276367188,"[6, 6, 6]",16,6,65,47.84293746948242,0.024266867782916146,14.790731472574492,100.0,21.45195960998535,0.23302129406752953,21.35522343963808,100.0,19.451189041137695,0.5578818725852376,22.65663720672791,100.0,0.0,0.7456657181242901,1.1987805940215976,92
HCC_015,140,LIVER 3 PHASE AP,LIVER 3 PHASE AP,3,3,1,1,2.5,2.5,887.1,62.3,22.0,2.52,251.0,235.61532592773438,-26.98183822631836,34.559661865234375,151.0,179.53652954101562,197.0,944.3943481445312,"[6, 6, 6]",15,5,37,67.21215057373047,0.21398992012569615,12.262904506474413,100.0,43.51261520385742,0.29114417903194323,16.58407125094773,100.0,42.39698028564453,0.3839998173683792,16.798448042529834,100.0,0.0,0.8315700441633787,0.8845195171795185,63
HCC_016,67,LIVER 3 PHASE AP,3 PHASE LIVER ABD,3,3,1,1,2.5,2.5,2804.7,106.1,43.4,1.46,121.5,119.18350219726562,-1.2568283081054688,39.495182037353516,60.0,71.99124145507812,147.0,132.54135131835938,"[6, 6, 6]",12,7,42,69.50027465820312,-0.009846950006302499,12.177749784544865,88.5361121475994,42.63186264038086,0.19132909939150272,16.71302861458807,99.999221475271,39.50955581665039,0.29828910481264553,17.479587151801766,99.97697791158517,0.0,0.7564828916327542,1.112073142104252,69
HCC_017,68,Recon 3 3 PHASE LIVER ABD,Recon 3 LIVER 3 PHASE AP,2,2,1,1,2.5,2.5,924.4,280.9,13.0,4.19,211.0,190.78427124023438,-23.785263061523438,78.6010971069336,103.0,94.3580551147461,143.0,170.92330932617188,"[6, 6, 6]",11,6,19,103.00289916992188,0.09620835627089189,8.792444920590157,99.9991737358158,86.31423950195312,0.1571410770924672,9.683331979137158,100.0,83.90143585205078,0.16316108084623288,9.868255695489708,100.0,0.0,0.9676975135402097,1.003717322196513,41
HCC_018,53,LIVER 3 PHASE CAP,Recon 2 3 PHASE LIVER ABD,2,1,1,1,5.0,2.5,1624.7,58.6,204.2,2.48,171.0,427.2471923828125,-46.62168502807617,32.242271423339844,110.0,86.10262298583984,151.0,466.7562561035156,"[6, 6, 6]",17,7,44,nan,nan,nan,0.0,57.22852325439453,0.015069716272527863,14.866643530927085,99.95494816409386,55.49653625488281,0.06328909756782683,15.285469471869796,99.6741192103132,0.0,0.2787989030346237,1.4177061924279892,72
HCC_019,63,LIVER 3 PHASE AP,LIVER 3 PHASE AP,3,3,1,1,2.5,5.0,1682.4,67.2,57.3,4.3,148.0,148.41195678710938,-1.4195709228515625,29.64754867553711,122.0,122.76909637451172,174.0,443.2745056152344,"[6, 6, 6]",16,4,45,80.712646484375,0.026827863499051766,11.586925922572973,100.0,29.54867935180664,0.3382171330712753,19.45183887687407,100.0,29.672975540161133,0.36114650781445673,19.45774114200991,100.0,0.0,0.9203499392517679,0.9619966809777748,71
HCC_020,49,Recon 3 LIVER 3 PHASE CAP,Recon 3 LIVER 3 PHASE CAP,2,2,1,1,2.5,2.5,2217.3,316.8,38.3,3.1,165.0,269.236328125,31.590618133544922,35.196380615234375,91.0,111.95716857910156,145.0,177.28115844726562,"[6, 6, 6]",45,6,89,90.8382797241211,0.023746925345150518,10.612448884454473,98.64589505098859,53.2248420715332,0.09409114553536105,15.128899890502602,99.2686359888775,44.806819915771484,0.14225513195443956,17.092930334830513,99.71660820143389,0.0,0.5703636138322337,0.8047878103229259,147
HCC_022,43,Recon 3 LIVER 3 PHASE CAP,Recon 3 LIVER 3 PHASE AP,2,2,1,1,2.5,2.5,841.9,584.9,158.0,4.49,268.0,215.1734161376953,2.7947463989257812,32.36945343017578,185.0,216.37567138671875,248.0,592.4722900390625,"[6, 6, 6]",38,14,77,122.35991668701172,-0.009899354542328171,8.974639206333457,0.655546368038329,50.5208625793457,-0.01120135393517275,14.159610402480084,99.48294694719219,32.47100067138672,0.16108324202139424,18.153663951792545,100.0,0.3664380343888001,-0.25775003117717327,0.45338356719375544,134
HCC_023,61,Recon 3 LIVER 3 PHASE CAP,Recon 3 LIVER 3 PHASE CAP,2,2,1,1,2.5,2.5,747.3,123.3,38.3,2.83,285.0,237.58596801757812,16.164470672607422,26.614103317260742,119.0,116.6400146484375,154.0,153.8427734375,"[6, 6, 6]",10,7,57,66.94377899169922,-0.1226000234353525,13.065571308556713,96.49690100938551,42.83984375,0.19578015086741143,15.90990299034884,100.0,30.60426139831543,0.3124941305712227,19.135496576482943,100.0,0.0,0.5315464252333824,1.256869006999763,80
HCC_024,152,LIVER 3 PHASE AP,3 PHASE LIVER ABD,3,3,1,1,2.5,2.5,742.6,41.5,41.1,2.37,174.0,181.88784790039062,5.689933776855469,34.71809387207031,122.0,98.60942077636719,174.0,147.5669403076172,"[6, 6, 6]",13,9,106,94.23567962646484,0.04434526548792222,10.756109752426646,100.0,37.76339340209961,0.10872180088034603,17.367576374733048,100.0,35.071067810058594,0.15315452829276383,18.14890848115094,100.0,0.22546576480360747,-0.25749950179823317,1.4071388159709324,133
HCC_025,40,Recon 3 LIVER 3 PHASE AP,Recon 3 LIVER 3 PHASE CAP,2,2,1,1,2.5,2.5,1178.5,1082.5,128.9,6.94,154.0,184.33209228515625,0.1432342529296875,30.393396377563477,101.0,110.42073059082031,152.0,160.5180206298828,"[6, 6, 6]",14,7,66,271.1418762207031,0.009674409200544841,3.2863738662766053,1.7956561597851168,42.99751663208008,0.0743157298210095,15.299555150492665,100.0,30.393653869628906,0.1546193979433192,18.862628923340537,100.0,0.0,0.14355798103926734,1.0628663848783224,94
HCC_026,63,Recon 3 LIVER 3 PHASE CAP,3 PHASE LIVER ABD,2,3,1,1,2.5,2.5,1057.4,27.4,90.4,1.33,227.0,188.46136474609375,3.4633026123046875,38.766014099121094,146.0,134.17483520507812,183.0,541.7478637695312,"[6, 6, 6]",13,11,21,167.25936889648438,-0.14047992322531302,6.375875725753275,99.7172333914834,40.438018798828125,-0.01828827801043003,16.149220105450127,100.0,38.9227409362793,0.01692697374252769,16.387076194365818,100.0,0.0,0.9976744385393136,1.1040336117925482,52
HCC_027,57,NA,Recon 3 LIVER 3 PHASE CAP,3,2,1,1,2.5,2.5,1311.3,26.5,27.3,6.88,180.0,315.1895751953125,10.731765747070312,51.971561431884766,126.0,156.86294555664062,178.0,297.960693359375,"[6, 6, 6]",16,7,67,91.26226806640625,0.10447349753622497,10.169607643219507,99.99924981084516,93.82361602783203,0.11350719728977247,10.23170496538178,99.79723458843551,52.90992736816406,0.4376469127883612,14.392950949498939,99.9132995676767,4.216098134767266,-0.20685364634456646,0.952001172013762,96
HCC_028,62,LIVER 3 PHASE AP,Recon 2 3 PHASE LIVER ABD,3,1,1,1,2.5,2.5,1728.7,67.1,28.1,2.7,135.0,385.687744140625,-44.9625244140625,30.132240295410156,110.0,76.8612060546875,160.0,658.583984375,"[6, 6, 6]",14,8,23,93.44805908203125,-0.018290158802925033,10.216861033252691,99.97315564139235,49.92279815673828,0.2843729711853548,16.578139606792334,100.0,50.211509704589844,0.2706237031981777,16.489461820726127,100.0,0.0,0.9618602211064738,1.0039595004325987,54
HCC_030,47,Recon 2 LIVER 3 PHASE AP,Recon 2 LIVER 3 PHASE AP,1,1,2,1,2.5,2.5,2616.9,197.4,51.1,3.2,258.0,321.9166259765625,1.9235820770263672,26.133617401123047,48.0,64.43220520019531,91.0,109.1364974975586,"[6, 6, 6]",21,8,49,92.38721466064453,0.052326830603795796,10.629952923265826,97.53431122990115,29.870603561401367,0.25451971037203763,19.395368985098102,99.94820612900033,26.183866500854492,0.32146456491344255,21.01259314299602,99.9617291021453,0.0,0.8320199330951487,0.9613711389328693,86
HCC_031,103,Recon 3 LIVER 3 PHASE AP,LIVER 3 PHASE AP,2,3,1,1,2.5,2.5,1892.6,31.6,23.6,3.65,216.0,152.84471130371094,11.00185775756836,33.16848373413086,134.0,131.8214569091797,187.0,559.4749145507812,"[6, 6, 6]",17,8,78,71.79170227050781,0.0313775629258483,11.98304724578071,99.99950537981884,40.87984848022461,0.1231707287247312,16.778624120260417,100.0,34.46174621582031,0.14752423937954728,18.722879382196766,100.0,0.0,0.553030165453548,0.8870015241897052,111
HCC_032,122,Recon 3 LIVER 3 PHASE CAP,Recon 3 LIVER 3 PHASE CAP,2,2,1,1,2.5,2.5,768.6,295.3,260.1,4.78,295.0,237.42794799804688,-17.840923309326172,36.73802947998047,122.0,124.5141830444336,184.0,270.05780029296875,"[6, 6, 6]",38,6,15,nan,nan,nan,0.0,40.98258972167969,0.013412001866387165,16.343857813408412,100.0,40.72031784057617,0.07764708142787172,16.513424546778246,100.0,0.0,0.9638615535599244,1.044260864503695,65
HCC_033,64,Recon 3 LIVER 3 PHASE CAP,Recon 3 LIVER 3 PHASE CAP,2,2,1,1,2.5,2.5,849.4,199.1,33.8,4.21,392.0,323.0555725097656,19.39312744140625,38.31539535522461,170.0,158.46910095214844,220.0,284.7448425292969,"[6, 6, 6]",56,7,106,119.40904998779297,0.05927123561710476,8.12503033046616,99.86771268098244,50.49009704589844,0.2199112391107118,14.493660890517084,100.0,42.307640075683594,0.26314602049644037,16.626245644929647,100.0,0.0,0.06443442763821038,1.2087968083601037,176
HCC_034,62,Recon 3 LIVER 3 PHASE AP,Recon 3 LIVER 3 PHASE CAP,2,2,1,1,2.5,2.5,1301.3,50.0,118.5,10.33,254.0,229.61959838867188,20.961971282958984,36.85746765136719,116.0,168.92678833007812,174.0,526.249267578125,"[6, 6, 6]",15,9,62,254.2979736328125,-0.13256906036914406,3.5215161177910375,8.11192804968181,36.13111114501953,0.19389965188258254,18.33132348828557,100.0,41.80486297607422,0.1672416236848733,16.612433670973104,100.0,0.0,0.4899818127534636,1.0803582694617742,92
HCC_035,25,Recon 3 LIVER 2 PHASE CAP,Recon 3 LIVER 2PHASE CAP,2,2,1,1,2.5,2.5,1062.8,3.9,35.5,2.74,117.0,117.82830047607422,-7.345149993896484,21.696035385131836,93.0,82.8270492553711,134.0,118.7291030883789,"[6, 6, 6]",82,9,29,120.33623504638672,0.04879008835677518,7.74068654284509,100.0,25.11334228515625,0.15462203046435186,19.905684728085106,100.0,22.571557998657227,0.21572675152456125,21.85305345241456,100.0,0.0,0.977553311676633,1.050475390263352,127
HCC_037,71,Recon 3 LIVER 3 PHASE CAP,Recon 2 3 PHASE LIVER ABD,2,1,1,1,2.5,2.5,1441.6,1470.9,163.9,4.48,170.0,314.91064453125,-37.62932586669922,36.63938522338867,113.0,68.91900634765625,167.0,120.70004272460938,"[6, 6, 6]",38,14,87,110.07281494140625,-0.004071189710033243,10.01023137537566,12.360127108341768,60.44721603393555,0.037665592924489705,13.782015928716966,100.0,51.29922866821289,0.07366698862755057,15.418326670993856,100.0,0.0,0.17229937257445224,0.8472299614154172,147
HCC_038,61,Recon 3 LIVER 3 PHASE CAP,3 PHASE LIVER ABD,2,3,1,1,2.5,2.5,1925.0,183.1,140.3,4.12,199.0,133.89303588867188,5.502769470214844,38.0935173034668,90.0,112.93511962890625,149.0,420.8473815917969,"[6, 6, 6]",19,14,72,149.8264617919922,-0.037098017985341986,7.748786447095242,99.75925092202259,50.46476745605469,0.049320478946127566,14.688268033254069,100.0,38.41360092163086,0.09940738384488036,17.135476900168783,100.0,1.6932075788530967,-0.5253156462312008,0.8150099036828976,112
HCC_039,62,3 PHASE LIVER ABD,Recon 2 3 PHASE LIVER ABD,3,1,1,1,2.5,2.5,924.6,206.4,51.7,2.08,219.0,480.521728515625,-86.38783264160156,33.01480484008789,137.0,133.9000244140625,181.0,380.0,"[6, 6, 6]",30,8,20,113.27125549316406,-0.010567129764464245,9.436616566501911,94.52652009818546,89.97944641113281,0.12418894429892276,12.085761324803272,100.0,90.86200714111328,0.17924988571039108,12.07681297028369,100.0,0.0,0.7507637800523257,1.0716700070503264,64
HCC_041,57,LIVER 3 PHASE CAP,Recon 2 LIVER 3 PHASE CAP,3,1,1,1,2.5,2.5,1671.7,1799.2,29.4,2.04,141.0,323.23876953125,-37.640785217285156,25.09197425842285,88.0,49.99468994140625,131.0,103.89517211914062,"[6, 6, 6]",84,9,90,97.6467514038086,0.17625311241494176,9.940700740990323,99.99990102547505,49.678524017333984,0.09179730627329184,15.696151114105149,100.0,44.46837615966797,0.25381086231290767,17.04336746472901,100.0,0.0,0.3002426665799445,0.7946974345102547,191
HCC_042,46,Recon 3 LIVER 3 PHASE AP,Recon 3 LIVER  2PHASE WITH CON,2,2,1,1,2.5,2.5,2264.6,15.0,23.1,7.72,118.0,120.03054809570312,5.51263427734375,17.905309677124023,72.0,144.37551879882812,100.0,496.3085632324219,"[6, 6, 6]",64,9,111,58.92443084716797,0.041391178804529694,12.316999410354377,98.4127585111339,34.148006439208984,0.17854276383722756,16.05622743534181,100.0,18.516048431396484,0.24001612029456967,23.527359481132798,100.0,0.0,0.6003575279377116,1.0011460447315585,192
HCC_043,38,LIVER 3 PHASE AP,3 PHASE LIVER ABD,3,3,1,2,2.5,5.0,600.3,25.6,67.1,8.09,208.0,213.19493103027344,-10.120002746582031,44.82246398925781,163.0,179.2046356201172,200.0,702.7935180664062,"[6, 6, 6]",13,11,31,137.89068603515625,0.057073575138676405,6.583401922042313,16.119272502871247,37.70456314086914,0.6858087114379423,16.191298633695112,100.0,45.905879974365234,0.6918768170942503,14.942093094512451,99.96143099576598,0.0,0.09369564133870134,0.751820513954503,62
HCC_044,76,Recon 3 LIVER 3 PHASE CAP,Recon 3 LIVER 2 PHASE CAP,2,2,1,1,2.5,2.5,1474.3,74.6,30.5,1.62,194.0,164.62271118164062,-7.6772613525390625,27.68912696838379,110.0,106.52288818359375,163.0,326.57781982421875,"[6, 6, 6]",14,8,121,98.15057373046875,0.10001276534621942,9.102428801564457,100.0,37.027042388916016,0.1174839949890211,15.959626213247034,100.0,28.62119483947754,0.1697397553049768,18.469274140669626,100.0,0.0,0.8213462352598738,0.9707205260135532,150
HCC_045,91,Recon 3 LIVER 2 PHASE CAP,LIVER 2 PHASE CAP,2,2,1,2,2.5,5.0,1758.2,51.2,30.1,8.69,114.0,144.64923095703125,-17.52721405029297,33.534645080566406,94.0,102.15441131591797,124.0,317.3237609863281,"[6, 6, 6]",15,10,52,57.793392181396484,0.103338435537645,12.596752897999458,99.79171070214343,45.19802474975586,0.0003522213254527926,15.262858845048264,96.17699216496914,37.99894332885742,0.14932919548439189,17.14842199953747,98.77204610021818,0.0,0.012409764614189196,0.16507388162689476,83
HCC_046,35,Recon 3 LIVER 2 PHASE CAP,Recon 3 2 PHASE LIVER ABD,2,2,1,1,2.5,2.5,1274.1,1157.6,151.4,3.37,191.0,156.535400390625,-2.1913528442382812,27.345956802368164,92.0,96.99703979492188,125.0,126.50891876220703,"[6, 6, 6]",20,16,43,125.9363784790039,-0.010640178004451084,8.650869578089832,81.74759608482952,32.137489318847656,0.0007844369072675452,17.66985055930641,100.0,27.426067352294922,0.11955842473749202,18.976445092102395,99.99800271879903,10.641719552473672,-0.38358861311829456,1.3840416048497215,86
HCC_047,70,Recon 3 LIVER 2PHASE CAP,Recon 3 LIVER 3 PHASE AP,2,2,1,1,2.5,2.5,1651.7,175.6,157.2,3.21,136.0,125.03727722167969,3.547992706298828,23.73004150390625,109.0,108.20858764648438,138.0,144.45425415039062,"[6, 6, 6]",44,8,65,182.9285888671875,-0.21843631501077082,5.930977258480908,66.73510127030119,46.67326354980469,0.2292906854520028,13.769417614674374,99.9783075218668,23.95693016052246,0.26369730784703954,20.319714391769836,100.0,0.0,0.5711973763866364,0.8207841272342404,125
HCC_049,63,Recon 3 LIVER 2 PHASE CAP,Recon 3 LIVER 2 PHASE AP,2,2,1,1,2.5,2.5,1036.9,976.0,147.9,6.46,149.0,141.75054931640625,7.254188537597656,41.66191482543945,112.0,119.58657836914062,154.0,164.23333740234375,"[6, 6, 6]",17,19,76,127.56111907958984,-0.229019449993966,8.672459076238368,29.207131993231453,93.46792602539062,-0.08397926100214241,10.330893788854105,100.0,42.372066497802734,0.09747028018784648,15.652775370986895,100.0,10.22500645221839,-0.3488423611464064,0.7847003739951394,120
HCC_050,56,Recon 3 LIVER 2PHASE CAP,LIVER 2 PHASE AP,2,2,1,2,2.5,5.0,1794.7,31.2,176.9,3.21,149.0,102.04932403564453,-4.169879913330078,23.474529266357422,89.0,92.26390838623047,120.0,144.2826385498047,"[6, 6, 6]",19,11,67,118.74951934814453,-0.05786541885477147,9.627227950447207,9.547331139845339,25.230878829956055,0.08068957967733886,20.051682620944213,100.0,23.792593002319336,0.19878489462030147,20.437104785612206,100.0,0.0,0.41509658219208334,0.9173750844912065,106
HCC_051,71,Recon 3 LIVER  2PHASE WITH CON,Recon 3 2 PHASE LIVER ABD,2,2,1,1,2.5,2.5,1285.7,534.7,40.2,6.67,211.0,177.64370727539062,-32.75274658203125,25.954191207885742,127.0,106.11161804199219,175.0,211.15182495117188,"[6, 6, 6]",174,8,39,96.29817199707031,0.008648930029750314,10.119873702620822,99.91944692695469,45.214805603027344,0.20235669107220258,15.93010780201017,100.0,40.70578384399414,0.19312823905010507,17.39735567221058,100.0,0.0,0.7154501350821743,1.0323175900514057,229
HCC_052,49,Recon 3 LIVER 3 PHASE AP,Recon 3 LIVER 2 PHASE CAP,2,2,1,1,2.5,2.5,1616.9,279.6,140.4,6.35,91.0,99.9432601928711,6.285316467285156,30.345478057861328,76.0,97.62313079833984,123.0,352.98779296875,"[6, 6, 6]",19,16,62,205.4788818359375,0.045405941902768865,5.4313069533202025,16.148344869637754,27.78561782836914,0.19632064550631942,20.199315101653855,100.0,30.869558334350586,0.16863014842362092,18.69055865278873,100.0,0.0,0.7872080949604126,1.080605668892684,106
HCC_053,55,Recon 3 LIVER 2 PHASE CAP,Recon 3 LIVER 2PHASE CAP,2,2,1,1,2.5,2.5,2032.0,275.0,8.8,5.09,112.0,118.53677368164062,10.074783325195312,20.821821212768555,89.0,101.95069885253906,114.0,131.60382080078125,"[6, 6, 6]",19,9,42,37.38193130493164,0.06159238710285488,16.652144829739882,100.0,33.4975700378418,0.11399648578335665,17.30864948191814,99.99934395147865,22.763336181640625,0.24812056381112327,21.383047980411085,100.0,0.0,0.504680624079126,1.012497852194916,78
HCC_054,84,C-A-P,Recon 3 LIVER 2 PHASE CAP,2,2,1,1,2.5,2.5,1546.1,38.9,7.7,2.48,184.0,132.72000122070312,-22.65338897705078,22.835193634033203,79.0,112.0774154663086,132.0,464.7438659667969,"[6, 6, 6]",15,8,29,35.95258331298828,0.11414845783660574,17.739775417329206,100.0,33.4484748840332,0.22179286014782723,18.67235314971321,100.0,30.551483154296875,0.2093367297096238,19.888595567366536,100.0,0.0,0.7801476220517758,0.9765327225763465,59
HCC_055,49,Recon 3 LIVER 2PHASE CAP,Recon 3 LIVER  2PHASE WITH CON,2,2,1,1,2.5,2.5,1143.6,36.0,190.9,3.16,157.0,162.8714599609375,10.861141204833984,28.162792205810547,112.0,115.32166290283203,139.0,147.8726348876953,"[6, 6, 6]",13,6,53,nan,nan,nan,0.0,60.2322883605957,-0.029781138246099407,13.280844880544137,99.81605433136907,30.213905334472656,0.17554843971383108,18.469624928331932,100.0,0.0,0.2276820597529719,0.9169906785258536,78
HCC_056,9,Recon 3 LIVER 3 PHASE AP,Recon 3 2 PHASE LIVER ABD,2,2,1,1,2.5,2.5,1623.9,775.1,41.7,7.54,129.0,138.4156036376953,12.059524536132812,25.23628807067871,88.0,101.53644561767578,118.0,147.26382446289062,"[6, 6, 6]",20,9,44,58.96001052856445,-0.07288241147485196,13.204372313602654,99.99754006919785,28.64939308166504,0.2903936288791612,19.972028062177756,100.0,27.499370574951172,0.32512204155025015,20.215681830509986,100.0,0.0,0.7375875578361755,0.9934332047285755,81
HCC_057,42,Recon 3 LIVER  2PHASE WITH CON,Recon 3 LIVER 2PHASE CAP,2,2,1,1,2.5,2.5,1876.3,1607.5,108.8,4.13,143.0,123.72892761230469,-1.718658447265625,23.92595863342285,81.0,78.34396362304688,125.0,136.03277587890625,"[6, 6, 6]",20,10,119,132.20506286621094,-0.03569261351399193,7.0756333834631135,47.48099462630992,22.42720603942871,0.13297981600260167,20.51843212007062,100.0,23.976953506469727,0.19523990019532575,20.22778473690017,100.0,0.20003780241935484,-0.14778451849398735,0.9762189163569931,156
HCC_058,51,Recon 3 LIVER 3 PHASE AP,Recon 3 LIVER 3 PHASE AP,2,2,1,1,2.5,2.5,1833.5,1221.9,29.3,3.6,110.0,122.97139739990234,-0.9063186645507812,20.07514762878418,68.0,87.21053314208984,103.0,135.44729614257812,"[6, 6, 6]",17,10,30,39.972679138183594,0.05509027928066998,16.086920122227667,100.0,38.06108474731445,0.1846540987943648,15.170222746414211,100.0,20.089643478393555,0.23334579022883112,22.88781540340922,100.0,0.0,0.6350729841416437,0.9577056284932316,64
HCC_059,22,Recon 3 LIVER 2PHASE CAP,Recon 3 LIVER 3 PHASE AP,2,2,1,1,2.5,2.5,1257.8,254.5,152.9,7.07,165.0,141.3660430908203,-13.192398071289062,21.14564323425293,112.0,111.17151641845703,156.0,492.258544921875,"[6, 6, 6]",20,7,54,115.7979965209961,-0.1953370633056133,9.155903459763088,9.284207633933262,31.847684860229492,0.23118416809744072,18.051691687203643,99.99692897031608,24.22338104248047,0.34895228880432827,21.312211093329427,100.0,0.0,0.270746950709856,0.9078650652514221,90
HCC_060,119,Recon 3 LIVER 2PHASE CAP,Recon 3 LIVER 2PHASE CAP,2,2,1,1,2.5,2.5,2005.3,41.3,54.9,14.75,140.0,147.04733276367188,13.04104995727539,33.004119873046875,90.0,105.63188171386719,124.0,150.7558135986328,"[6, 6, 6]",12,11,65,59.21881103515625,0.02899366146275889,13.480429439051605,91.86557483310669,58.722347259521484,0.14497788319771798,13.353125858526006,99.99466889162872,35.29638671875,0.21311437224784338,17.8205074177355,99.999576896161,3.7257824143070044,-0.29596151750918176,0.8574601882586786,95
HCC_061,52,Recon 3 LIVER 2PHASE CAP,Recon 3 LIVER 2 PHASE CAP,2,2,1,1,2.5,2.5,1399.9,148.8,24.4,2.77,134.0,47.69904327392578,-8.117927551269531,34.20021057128906,96.0,99.53475189208984,136.0,142.4739532470703,"[6, 6, 6]",68,18,73,49.417320251464844,-0.012870234644057305,14.58991455277151,100.0,67.76143646240234,-0.06072039567897217,12.255468345131476,100.0,35.06586456298828,0.0720639243433895,17.36515200649307,100.0,1.4329126746296375,-0.1120803022814933,1.4746794119616693,165
HCC_062,75,Recon 3 LIVER 2 PHASE CAP,Recon 3 2 PHASE LIVER ABD,2,2,1,1,2.5,2.5,1285.3,141.2,95.7,4.69,201.0,205.06825256347656,-2.0760955810546875,26.872095108032227,118.0,203.55665588378906,147.0,513.7026977539062,"[6, 6, 6]",19,9,68,153.6504669189453,-0.05562757721025191,6.853701443010081,77.53055161400319,42.5328254699707,0.1460858100046318,14.459046342300056,99.31541985282426,26.950366973876953,0.26851477758529524,18.665891638291647,99.73190777467454,0.0,0.1848580739515527,0.7006039858561848,105
HCC_063,77,Recon 3 LIVER 2 PHASE CAP,Recon 2 LIVER 3 PHASE AP,2,1,1,1,2.5,2.5,1320.4,33.4,172.1,2.88,121.0,198.76541137695312,-16.300067901611328,28.531591415405273,79.0,104.04762268066406,108.0,467.52178955078125,"[6, 6, 6]",15,7,104,161.27902221679688,-0.0535969790010442,7.626770274770408,0.7148657062437056,38.68037033081055,0.024348197484842887,16.479472099820207,100.0,32.7598991394043,0.17143199103755874,18.286120247279946,100.0,0.0,0.2598918383937092,1.161227538704588,134
HCC_064,167,Recon 3 LIVER 2 PHASE CAP,Recon 3 LIVER 2 PHASE CAP,2,2,1,1,2.5,2.5,2001.4,258.6,39.8,2.37,110.0,113.41612243652344,-2.7506332397460938,23.713897705078125,77.0,87.7472152709961,108.0,246.4278106689453,"[6, 6, 6]",112,11,55,66.10137176513672,0.022598630348759214,11.7566227915081,99.9983755421628,26.93466567993164,0.07267050445136541,19.356548239773772,100.0,23.850177764892578,0.13792472062864056,20.367485548856923,100.0,0.0,0.24081526070402393,1.2458332775091032,186
HCC_065,55,VENOUS,Recon 3 LIVER 2 PHASE CAP,0,2,1,1,3.0,2.5,1321.6,4054.6,255.7,3.5,100.0,108.4422378540039,3.6172866821289062,23.721160888671875,89.0,89.79582214355469,124.0,115.25790405273438,"[6, 6, 6]",61,11,37,206.7708740234375,-0.03936369289361853,5.333471684672979,6.578916656642027,26.531291961669922,0.29721198700399876,18.69362437282527,100.0,23.969377517700195,0.2992398732270058,19.66753762657165,100.0,0.0,0.8629018698224016,1.0696924091140887,118
HCC_066,23,Recon 3 LIVER 2PHASE CAP,Recon 3 LIVER 2 PHASE AP,2,2,1,1,2.5,2.5,1212.0,907.5,114.7,3.55,168.0,135.80490112304688,-22.18292999267578,26.721052169799805,112.0,107.78609466552734,152.0,249.087646484375,"[6, 6, 6]",26,9,29,110.00823211669922,-0.02794047526576007,9.263815162252548,73.14548151368236,33.16320037841797,0.15982216886639922,18.46117198749606,100.0,33.989173889160156,0.1397808068983813,18.2838606046696,100.0,0.0,0.9212638846178584,0.9673405632917618,73
HCC_067,15,Recon 3 LIVER 2 PHASE CAP,Recon 3 2 PHASE LIVER ABD,2,2,1,1,2.5,2.5,1135.8,579.4,187.1,5.55,134.0,156.95176696777344,15.361328125,27.259540557861328,106.0,131.27452087402344,137.0,180.78109741210938,"[6, 6, 6]",14,9,75,nan,nan,nan,0.0,36.81657409667969,0.0031955168490580294,17.15996380240894,100.0,30.926366806030273,0.1385895370948189,18.871280447140542,100.0,0.0,0.13706676088629344,0.8495400747543287,103
HCC_069,63,Recon 3 LIVER 2 PHASE CAP,Recon 3 LIVER  2PHASE WITH CON,2,2,1,1,2.5,2.5,1140.9,13.9,182.4,5.32,125.0,122.22712707519531,-17.791213989257812,19.931467056274414,91.0,83.67581939697266,122.0,257.9510192871094,"[6, 6, 6]",11,8,39,nan,nan,nan,0.0,29.456912994384766,0.18004041128128015,19.11687944345382,100.0,25.4102725982666,0.2758715122491792,21.360427008525498,100.0,0.0,0.7006996617941735,0.879551437187709,65
HCC_070,41,Recon 3 LIVER 2 PHASE CAP,Recon 3 LIVER 2 PHASE CAP,2,2,1,1,2.5,2.5,1398.0,1098.8,24.9,5.11,138.0,165.04098510742188,2.7094879150390625,32.95415115356445,74.0,72.8093490600586,110.0,120.99948120117188,"[6, 6, 6]",17,8,53,85.7616195678711,-0.06828515832613084,10.099918254664011,99.99987661160665,33.24888229370117,0.17973017770004693,18.31363906137502,100.0,33.06557846069336,0.21556717626969132,17.919916768686818,100.0,0.0,0.17928868466291076,1.2279166814099438,84
HCC_071,78,Recon 3 LIVER 2PHASE CAP,Recon 3 LIVER 2 PHASE CAP,2,2,1,1,2.5,2.5,2707.2,9.0,21.0,4.67,58.0,102.00487518310547,2.31451416015625,30.77147102355957,73.0,76.07136535644531,99.0,98.09107971191406,"[6, 6, 6]",20,9,43,48.820430755615234,0.072503410748951,14.648766649271401,100.0,35.021697998046875,0.09932362122381286,17.319130893139658,99.34558529047351,30.857690811157227,0.12949106548785805,18.32044616445448,99.42095350580473,0.0,0.8584345257868466,0.9641368840730201,82
HCC_072,52,Recon 3 LIVER 2PHASE CAP,Recon 3 LIVER 2PHASE CAP,2,2,1,1,2.5,2.5,1384.1,135.5,44.2,3.99,137.0,127.86930847167969,2.1256103515625,19.523754119873047,86.0,44.84162902832031,120.0,111.04240417480469,"[6, 6, 6]",14,8,52,92.47509002685547,0.0345930284512476,9.834943221035942,100.0,23.015918731689453,0.17147496612746327,20.765342455254018,100.0,19.608518600463867,0.28454897170686355,22.931074886605618,100.0,0.0,0.7152789624311151,1.4190603118095655,80
HCC_073,119,Recon 3 LIVER 2 PHASE CAP,Recon 3 LIVER 2PHASE CAP,2,2,1,1,2.5,2.5,1263.5,380.4,33.6,10.72,128.0,130.0189666748047,18.380111694335938,22.350765228271484,88.0,105.5926513671875,120.0,148.23020935058594,"[6, 6, 6]",17,9,84,89.6599349975586,0.03195003418818762,9.898992297853042,99.880829530608,41.749446868896484,0.12946197259985268,15.103325113156046,100.0,27.825931549072266,0.1962824518953517,20.504884196169684,100.0,0.0,0.3614530389120392,1.3171519169561077,119
HCC_074,64,Recon 3 LIVER 2PHASE CAP,Recon 3 LIVER 2 PHASE CAP,2,2,1,1,2.5,2.5,891.0,91.6,59.2,7.39,158.0,178.32696533203125,-0.217529296875,29.3187198638916,84.0,59.915496826171875,116.0,117.14208984375,"[6, 6, 6]",26,20,88,121.86166381835938,0.054606080203189696,8.042727294533918,99.89588919635898,36.70667266845703,0.08451553418661013,16.925976941982874,100.0,29.319564819335938,0.24372225905626604,18.02511557131296,100.0,0.0,0.585794487008682,1.224483088000791,149
HCC_075,89,Recon 3 LIVER 2 PHASE CAP,LIVER 3 PHASE AP,2,2,1,2,2.5,5.0,1609.4,2440.7,93.5,3.91,124.0,149.7655487060547,-7.584259033203125,33.955081939697266,55.0,45.95380783081055,115.0,91.9994888305664,"[6, 6, 6]",24,14,112,92.61302947998047,0.08564657471175946,10.633989212937593,99.17748031930547,35.35449981689453,-0.05585470730145631,18.563958139555908,100.0,34.65727615356445,0.030757680608249505,17.691772147553195,100.0,9.296536977330817,-0.8167901999418004,1.356057242219056,159
HCC_076,212,Recon 3 LIVER 2 PHASE CAP,Recon 3 LIVER 2 PHASE CAP,2,2,1,1,2.5,2.5,1038.6,41.8,19.6,2.72,162.0,174.04937744140625,-4.2197265625,20.826446533203125,113.0,106.47811126708984,145.0,135.4778594970703,"[6, 6, 6]",165,10,59,42.93948745727539,0.017613593530151656,15.38424596226951,100.0,25.073328018188477,0.2136336761076111,18.64808949253956,100.0,21.1787052154541,0.30174955989752256,21.325500191355495,100.0,0.0,0.8217915968314095,1.1699898149363068,241
HCC_077,49,Recon 3 LIVER 2PHASE CAP,Recon 3 LIVER 2 PHASE CAP,2,2,1,1,2.5,2.5,641.6,7.5,235.7,4.33,342.0,269.2804870605469,-33.667633056640625,27.018129348754883,192.0,167.3818817138672,259.0,189.4803009033203,"[6, 6, 6]",17,6,61,nan,nan,nan,0.0,62.93644332885742,-0.05065624318515726,12.943521561394263,100.0,42.233760833740234,0.26263408894411827,17.221618976780356,100.0,0.0,0.27558599299121117,0.7087671170390389,91
HCC_078,69,Recon 3 LIVER 2PHASE CAP,Recon 3 LIVER 2 PHASE CAP,2,2,1,1,2.5,2.5,1516.8,18.3,10.4,5.06,125.0,137.054931640625,4.545967102050781,21.273483276367188,102.0,86.0126724243164,124.0,364.1333312988281,"[6, 6, 6]",22,19,70,30.94407081604004,0.18089526556102084,17.22876825318353,100.0,26.516189575195312,0.1917761502133575,19.249878839074178,100.0,21.652408599853516,0.19901368916407292,21.650636526820488,100.0,0.0,0.27644413830328995,1.174018295033341,118
HCC_079,63,Recon 3 LIVER 2 PHASE CAP,Recon 3 LIVER 2 PHASE CAP,2,2,1,1,2.5,2.5,1359.5,51.1,19.0,8.82,130.0,150.82424926757812,9.728187561035156,20.56731414794922,95.0,163.1971435546875,131.0,337.5857238769531,"[6, 6, 6]",37,7,59,69.36434173583984,0.17304599440345358,10.95820376573294,100.0,27.136640548706055,0.22073438702772993,19.485265346907745,100.0,22.258968353271484,0.30317302585815,22.085883928182458,100.0,0.0,0.7850499800957423,0.8321370467948702,110
HCC_080,51,Recon 3 LIVER 2PHASE CAP,Recon 3 LIVER 2PHASE CAP,2,2,1,1,2.5,2.5,1772.4,1073.9,17.3,3.54,91.0,126.91252136230469,31.558364868164062,23.488155364990234,52.0,41.74633026123047,89.0,89.84561920166016,"[6, 6, 6]",18,8,39,48.63787841796875,0.04458996444829551,15.991392482526678,100.0,40.77871322631836,0.09110990796037087,17.71839643478085,100.0,38.46388244628906,0.10404546540066867,18.482978702289195,100.0,0.0,0.9337851516609598,1.023003523148736,75
HCC_081,70,Recon 3 LIVER 2 PHASE CAP,Recon 3 LIVER 2 PHASE CAP,2,2,1,1,2.5,2.5,1361.6,63.9,45.0,5.41,170.0,177.03390502929688,2.0934219360351562,20.18276596069336,107.0,77.19921875,143.0,141.9475860595703,"[6, 6, 6]",27,10,30,160.61724853515625,-0.046773215536104945,6.117959920408566,99.99104942096639,28.75844383239746,0.27405161607038026,17.301040811856183,100.0,20.26967430114746,0.327931571803403,21.86378865621766,100.0,0.0,0.7776297743507222,1.0266577322725434,74
HCC_082,79,Recon 3 LIVER 2 PHASE CAP,Recon 3 LIVER 2 PHASE WITH CON,2,2,2,1,2.5,2.5,1674.3,14.7,202.3,0.23,132.0,157.88095092773438,20.575057983398438,29.92037582397461,81.0,86.79741668701172,122.0,132.34640502929688,"[6, 6, 6]",21,8,28,104.05004119873047,0.0002053853798507691,10.938873996424583,0.1116476579137707,45.16298294067383,0.09943760149094456,15.771315929870859,100.0,35.71527099609375,0.11905372828788645,18.169988750173957,100.0,0.0,0.6448429278027101,1.0622929927398406,64
HCC_083,89,Recon 3 LIVER 2 PHASE CAP,Recon 3 LIVER 2PHASE CAP,2,2,1,1,2.5,2.5,1130.2,102.6,10.9,5.54,183.0,177.19744873046875,-6.773738861083984,26.896724700927734,115.0,111.08708190917969,156.0,142.49441528320312,"[6, 6, 6]",17,7,56,69.1187744140625,0.1270158585838837,11.461735403758091,100.0,64.59085845947266,0.10715389977469876,12.07386689645692,100.0,27.703649520874023,0.23062736643821966,18.61110057816105,100.0,0.0,0.28450627204340195,1.7130344871342207,87
HCC_084,83,Recon 3 LIVER 2PHASE CAP,Recon 3 LIVER 2 PHASE CAP,2,2,1,1,2.5,2.5,1462.0,15.7,68.3,3.61,186.0,163.5644073486328,-18.485252380371094,25.390981674194336,110.0,84.50643157958984,161.0,134.9987030029297,"[6, 6, 6]",19,9,64,133.4345245361328,0.0071787258176162615,6.710669597635587,82.33312840292889,49.88518142700195,0.10995752846245181,13.664819540708734,100.0,30.87265396118164,0.19148338307497306,18.67126181761933,100.0,0.0,0.015415548391260137,1.2060538551922757,98
HCC_086,62,Recon 3 LIVER 2 PHASE CAP,Recon 3 LIVER 2PHASE CAP,2,2,1,1,2.5,2.5,1519.3,43.5,31.2,7.17,133.0,131.14169311523438,-11.381647109985352,20.529850006103516,100.0,68.47470092773438,130.0,103.57820129394531,"[6, 6, 6]",69,9,100,95.87483978271484,0.056854394708470424,9.161755634202926,100.0,24.667455673217773,0.15913391777770122,19.491091532936487,99.99966108588083,23.02422523498535,0.21318756977016545,20.94971737439397,100.0,0.0,0.23451927176151147,1.1736196635888025,186
HCC_087,33,Recon 3 LIVER 2 PHASE CAP,Recon 3 2 PHASE LIVER ABD,2,2,1,1,2.5,2.5,1816.9,836.1,152.8,3.66,110.0,114.56043243408203,1.6306304931640625,29.155628204345703,74.0,66.97870635986328,122.0,122.5574951171875,"[6, 6, 6]",24,12,58,140.40032958984375,0.028370574516567566,8.152524744942525,95.30560777295624,39.40599060058594,0.04545770302967338,16.527747157664734,100.0,29.191566467285156,0.15011878046599347,19.434696375275593,100.0,0.0,0.14048299416671922,1.2555842571588205,100
HCC_088,76,Recon 3 LIVER 2 PHASE CAP,Recon 3 LIVER 2 PHASE CAP,2,2,1,1,2.5,2.5,1188.6,183.6,85.8,4.55,153.0,98.68324279785156,27.32574462890625,44.61582946777344,75.0,52.33295440673828,109.0,153.9195556640625,"[6, 6, 6]",23,8,17,136.88009643554688,-0.09500824054436116,7.337437209178475,88.47472683301515,57.04146194458008,0.12360987046131677,13.432019393220543,100.0,53.30727005004883,0.1384228615770129,14.413448865662062,100.0,0.0,0.7615996988164561,1.2061568245762773,54
HCC_090,81,Recon 3 LIVER 2 PHASE CAP,LIVER 2PHASE CAP,2,2,1,2,2.5,5.0,1597.0,84.2,19.7,4.68,158.0,212.43692016601562,13.591064453125,24.63697624206543,98.0,69.51470184326172,141.0,136.15322875976562,"[6, 6, 6]",26,9,40,56.88033676147461,-0.008107304721729696,13.23350450419138,99.97198778385493,27.55093002319336,0.21750389849929916,20.07741842939612,100.0,27.652374267578125,0.24766338626502912,19.891896068153144,100.0,0.0,0.8111363063036047,1.1129164620212078,83
HCC_091,60,2.5 STANDARD,2.5 STANDARD,2,2,2,2,2.5,2.5,1238.6,339.8,32.7,5.2,151.0,136.2664794921875,-6.213909149169922,29.0274715423584,88.0,60.05662536621094,150.0,130.56985473632812,"[6, 6, 6]",101,18,188,68.46611022949219,0.036790923626228246,12.535774829590672,100.0,28.648181915283203,0.13166004222247107,20.362643619022517,100.0,29.498340606689453,0.15413260192820452,19.91665566556118,100.0,0.0,0.854139452698208,1.0367574315890415,316
HCC_092,37,2.5 STANDARD,2.5 STANDARD,2,2,2,2,2.5,2.5,1893.8,53.4,39.3,4.71,129.0,158.88401794433594,13.615768432617188,28.024839401245117,106.0,80.35307312011719,153.0,148.83583068847656,"[6, 6, 6]",63,16,58,80.0774917602539,0.06834465961590125,11.210000403483505,100.0,37.15001678466797,0.11328588025011901,17.415237559114395,100.0,30.392377853393555,0.17969080299808055,19.654964059774017,100.0,0.0,0.5715042364697139,0.993148699694393,146
HCC_094,69,2.5 STANDARD,Recon 2 LIVER 2PHASE CAP,1,1,2,2,2.5,2.5,1547.1,377.3,28.8,7.95,387.0,443.06402587890625,-0.11441421508789062,23.967853546142578,60.0,38.81482696533203,128.0,89.9525375366211,"[6, 6, 6]",114,18,72,74.64946746826172,0.012948354687385784,11.339206572423961,99.65967395849549,28.90253448486328,0.14800138008073818,18.6589477150345,99.97832901439747,23.96806526184082,0.2903875449169325,21.04876572681588,100.0,0.0,0.24211456921340332,1.2503188221584796,212
HCC_096,82,2.5 STANDARD,2.5 STANDARD,1,1,2,2,2.5,2.5,1379.6,16.8,50.2,4.71,402.0,409.86431884765625,0.31915283203125,29.961931228637695,102.0,122.38372039794922,165.0,157.17344665527344,"[6, 6, 6]",107,16,52,141.7191162109375,0.019511141524201008,7.023312656984004,99.47806359367078,39.508331298828125,0.18524828725254303,15.963352692028451,99.99554765376531,29.963279724121094,0.3895144494670128,18.984720959112195,100.0,0.0,0.46535534056880834,0.9913653431176984,181
HCC_097,74,2.5 STANDARD,LIVER 2PHASE CAP,2,2,2,2,2.5,5.0,1815.2,12.3,45.7,3.64,185.0,192.9937744140625,-0.409698486328125,29.01644515991211,138.0,144.0645294189453,182.0,954.1318359375,"[6, 6, 6]",23,12,73,108.68447875976562,0.007783913772289724,8.617277621207087,99.99966014398001,32.68021774291992,0.2566853784884099,17.615396317313035,100.0,29.01878547668457,0.27764773239322743,19.087121431798806,100.0,0.0,0.8583116155494371,1.0179899512367905,117
HCC_100,55,2.5 STANDARD,2.5 STANDARD,1,1,2,2,2.5,2.5,1175.5,759.8,26.7,1.22,398.0,433.8393249511719,1.1229400634765625,44.772857666015625,62.0,48.51316452026367,116.0,103.7662582397461,"[6, 6, 6]",92,33,65,72.16973114013672,0.24714471870014845,11.321630786618215,99.99816460359371,45.97412109375,0.2840085895827803,14.629860877243566,100.0,44.78581237792969,0.3740430493470315,14.775007654810935,100.0,0.0,0.3116337079167108,1.3847496841625464,201
HCC_101,61,2.5 STANDARD,2.5 STANDARD,1,1,2,2,2.5,2.5,1602.5,22.9,165.5,1.12,309.0,284.1315002441406,11.407997131347656,41.01780319213867,64.0,76.1490707397461,107.0,104.17781829833984,"[6, 6, 6]",152,22,117,117.4721908569336,0.060364413936412765,9.218120104029097,57.55931396640262,43.12132263183594,0.35554925813542504,15.456892402147218,100.0,42.441951751708984,0.4213117030228229,15.810176429146004,100.0,0.0,0.18545591047233417,0.6612528940252693,299
HCC_102,30,2.5 STANDARD,2.5 STANDARD,2,2,2,2,2.5,2.5,1018.7,298.3,171.4,0.76,236.0,248.3414764404297,14.797073364257812,35.17268753051758,121.0,67.51881408691406,196.0,193.4267578125,"[6, 6, 6]",21,17,67,189.61996459960938,-0.021968880809886876,5.536060486783747,91.92677323709668,64.07828521728516,0.04054478420098247,12.626230594853808,100.0,37.6378173828125,0.23006547449660472,17.235414566492295,100.0,0.0,0.4186398990198774,1.0656184984924841,113
HCC_103,62,2.5 STANDARD,2.5 STANDARD,2,2,2,2,2.5,2.5,1496.4,23.2,30.2,2.42,181.0,157.10971069335938,-5.7740478515625,26.912126541137695,103.0,67.3901596069336,158.0,103.04052734375,"[6, 6, 6]",110,15,34,56.46625900268555,0.06533758444725082,13.576380790889559,100.0,30.249300003051758,0.20168017152537887,18.44754013043177,100.0,27.3531494140625,0.20736146441087389,20.32511247773655,100.0,0.0,0.9082510449202991,1.109602270413809,169
HCC_104,77,2.5 STANDARD,2.5 STANDARD,1,1,2,2,2.5,2.5,1540.5,23.4,34.9,3.57,395.0,349.2263488769531,-3.5502567291259766,32.339908599853516,90.0,54.83961868286133,169.0,86.44495391845703,"[6, 6, 6]",18,16,22,89.08119201660156,0.1870898527517619,10.655094085299353,100.0,32.6994743347168,0.276794943051697,18.76844981393284,100.0,32.48199462890625,0.5047161282641026,18.94331580295018,100.0,0.0,0.8881629944262102,0.9838591164178462,64
HCC_105,169,2.5 STANDARD,2.5 STANDARD,1,1,2,2,2.5,2.5,1156.0,100.4,45.9,2.05,451.0,451.0494079589844,-4.6639404296875,30.46658706665039,82.0,85.93921661376953,152.0,484.2884521484375,"[6, 6, 6]",23,14,22,134.25843811035156,-0.1093767405739161,7.729051243420116,97.21112111479904,30.476598739624023,0.4843807234753071,19.51442764262582,100.0,30.719940185546875,0.46850432216636406,19.392545356774782,100.0,0.0,0.8222128887160387,1.0632204904873044,66
