patient,before_series,after_series,status
HCC_001,C-A-P,,no comparable AFTER series
HCC_002,Recon 2 LIVER 3 PHASE AP,Recon 2 LIVER 3 PHASE AP,OK
HCC_003,Recon 2 LIVER 3 PHASE AP,Recon 2 3 PHASE LIVER ABD,OK
HCC_004,Recon 3 LIVER 3 PHASE AP,Recon 2 LIVER 3 PHASE AP,OK
HCC_005,LIVER 3 PHASE AP,Recon 3 3 PHASE LIVER ABD,OK
HCC_006,LIVER 3 PHASE AP,Recon 3 LIVER 3 PHASE AP,OK
HCC_007,Recon 2 LIVER 3 PHASE AP,Recon 2 3 PHASE LIVER ABD,OK
HCC_008,3 PHASE LIVER ABD,Recon 2 3 PHASE LIVER ABD,OK
HCC_009,LIVER 3 PHASE CAP,,no comparable AFTER series
HCC_010,Recon 2 LIVER 3 PHASE AP,Recon 2 LIVER 3 PHASE AP,OK
HCC_011,Recon 2 LIVER 3 PHASE AP,Recon 2 3 PHASE LIVER ABD,OK
HCC_012,Recon 2 LIVER 3 PHASE CAP,Recon 2 LIVER 3 PHASE CAP,OK
HCC_013,Recon 3 LIVER 3 PHASE AP,Recon 3 LIVER 3 PHASE AP,OK
HCC_014,LIVER 3 PHASE AP,3 PHASE LIVER ABD,OK
HCC_015,LIVER 3 PHASE AP,LIVER 3 PHASE AP,OK
HCC_016,LIVER 3 PHASE AP,3 PHASE LIVER ABD,OK
HCC_017,Recon 3 3 PHASE LIVER ABD,Recon 3 LIVER 3 PHASE AP,OK
HCC_018,LIVER 3 PHASE CAP,Recon 2 3 PHASE LIVER ABD,OK
HCC_019,LIVER 3 PHASE AP,LIVER 3 PHASE AP,OK
HCC_020,Recon 3 LIVER 3 PHASE CAP,Recon 3 LIVER 3 PHASE CAP,OK
HCC_021,LIVER 3 PHASE AP,Recon 3 LIVER 3 PHASE CA,OK
HCC_022,Recon 3 LIVER 3 PHASE CAP,Recon 3 LIVER 3 PHASE AP,OK
HCC_023,Recon 3 LIVER 3 PHASE CAP,Recon 3 LIVER 3 PHASE CAP,OK
HCC_024,LIVER 3 PHASE AP,3 PHASE LIVER ABD,OK
HCC_025,Recon 3 LIVER 3 PHASE AP,Recon 3 LIVER 3 PHASE CAP,OK
HCC_026,Recon 3 LIVER 3 PHASE CAP,3 PHASE LIVER ABD,OK
HCC_027,NA,Recon 3 LIVER 3 PHASE CAP,OK
HCC_028,LIVER 3 PHASE AP,Recon 2 3 PHASE LIVER ABD,OK
HCC_029,Recon 3 LIVER 3 PHASE CAP,,no comparable AFTER series
HCC_030,Recon 2 LIVER 3 PHASE AP,Recon 2 LIVER 3 PHASE AP,OK
HCC_031,Recon 3 LIVER 3 PHASE AP,LIVER 3 PHASE AP,OK
HCC_032,Recon 3 LIVER 3 PHASE CAP,Recon 3 LIVER 3 PHASE CAP,OK
HCC_033,Recon 3 LIVER 3 PHASE CAP,Recon 3 LIVER 3 PHASE CAP,OK
HCC_034,Recon 3 LIVER 3 PHASE AP,Recon 3 LIVER 3 PHASE CAP,OK
HCC_035,Recon 3 LIVER 2 PHASE CAP,Recon 3 LIVER 2PHASE CAP,OK
HCC_036,Recon 3 LIVER 3 PHASE CAP,Recon 3 LIVER 3 PHASE CAP,OK
HCC_037,Recon 3 LIVER 3 PHASE CAP,Recon 2 3 PHASE LIVER ABD,OK
HCC_038,Recon 3 LIVER 3 PHASE CAP,3 PHASE LIVER ABD,OK
HCC_039,3 PHASE LIVER ABD,Recon 2 3 PHASE LIVER ABD,OK
HCC_040,Recon 3 LIVER 3 PHASE CAP,Recon 3 LIVER 3 PHASE CAP,OK
HCC_041,LIVER 3 PHASE CAP,Recon 2 LIVER 3 PHASE CAP,OK
HCC_042,Recon 3 LIVER 3 PHASE AP,Recon 3 LIVER  2PHASE WITH CON,OK
HCC_043,LIVER 3 PHASE AP,3 PHASE LIVER ABD,OK
HCC_044,Recon 3 LIVER 3 PHASE CAP,Recon 3 LIVER 2 PHASE CAP,OK
HCC_045,Recon 3 LIVER 2 PHASE CAP,LIVER 2 PHASE CAP,OK
HCC_046,Recon 3 LIVER 2 PHASE CAP,Recon 3 2 PHASE LIVER ABD,OK
HCC_047,Recon 3 LIVER 2PHASE CAP,Recon 3 LIVER 3 PHASE AP,OK
HCC_048,,,no SEG reference
HCC_049,Recon 3 LIVER 2 PHASE CAP,Recon 3 LIVER 2 PHASE AP,OK
HCC_050,Recon 3 LIVER 2PHASE CAP,LIVER 2 PHASE AP,OK
HCC_051,Recon 3 LIVER  2PHASE WITH CON,Recon 3 2 PHASE LIVER ABD,OK
HCC_052,Recon 3 LIVER 3 PHASE AP,Recon 3 LIVER 2 PHASE CAP,OK
HCC_053,Recon 3 LIVER 2 PHASE CAP,Recon 3 LIVER 2PHASE CAP,OK
HCC_054,C-A-P,Recon 3 LIVER 2 PHASE CAP,OK
HCC_055,Recon 3 LIVER 2PHASE CAP,Recon 3 LIVER  2PHASE WITH CON,OK
HCC_056,Recon 3 LIVER 3 PHASE AP,Recon 3 2 PHASE LIVER ABD,OK
HCC_057,Recon 3 LIVER  2PHASE WITH CON,Recon 3 LIVER 2PHASE CAP,OK
HCC_058,Recon 3 LIVER 3 PHASE AP,Recon 3 LIVER 3 PHASE AP,OK
HCC_059,Recon 3 LIVER 2PHASE CAP,Recon 3 LIVER 3 PHASE AP,OK
HCC_060,Recon 3 LIVER 2PHASE CAP,Recon 3 LIVER 2PHASE CAP,OK
HCC_061,Recon 3 LIVER 2PHASE CAP,Recon 3 LIVER 2 PHASE CAP,OK
HCC_062,Recon 3 LIVER 2 PHASE CAP,Recon 3 2 PHASE LIVER ABD,OK
HCC_063,Recon 3 LIVER 2 PHASE CAP,Recon 2 LIVER 3 PHASE AP,OK
HCC_064,Recon 3 LIVER 2 PHASE CAP,Recon 3 LIVER 2 PHASE CAP,OK
HCC_065,VENOUS,Recon 3 LIVER 2 PHASE CAP,OK
HCC_066,Recon 3 LIVER 2PHASE CAP,Recon 3 LIVER 2 PHASE AP,OK
HCC_067,Recon 3 LIVER 2 PHASE CAP,Recon 3 2 PHASE LIVER ABD,OK
HCC_068,2.5 SOFT,,no comparable AFTER series
HCC_069,Recon 3 LIVER 2 PHASE CAP,Recon 3 LIVER  2PHASE WITH CON,OK
HCC_070,Recon 3 LIVER 2 PHASE CAP,Recon 3 LIVER 2 PHASE CAP,OK
HCC_071,Recon 3 LIVER 2PHASE CAP,Recon 3 LIVER 2 PHASE CAP,OK
HCC_072,Recon 3 LIVER 2PHASE CAP,Recon 3 LIVER 2PHASE CAP,OK
HCC_073,Recon 3 LIVER 2 PHASE CAP,Recon 3 LIVER 2PHASE CAP,OK
HCC_074,Recon 3 LIVER 2PHASE CAP,Recon 3 LIVER 2 PHASE CAP,OK
HCC_075,Recon 3 LIVER 2 PHASE CAP,LIVER 3 PHASE AP,OK
HCC_076,Recon 3 LIVER 2 PHASE CAP,Recon 3 LIVER 2 PHASE CAP,OK
HCC_077,Recon 3 LIVER 2PHASE CAP,Recon 3 LIVER 2 PHASE CAP,OK
HCC_078,Recon 3 LIVER 2PHASE CAP,Recon 3 LIVER 2 PHASE CAP,OK
HCC_079,Recon 3 LIVER 2 PHASE CAP,Recon 3 LIVER 2 PHASE CAP,OK
HCC_080,Recon 3 LIVER 2PHASE CAP,Recon 3 LIVER 2PHASE CAP,OK
HCC_081,Recon 3 LIVER 2 PHASE CAP,Recon 3 LIVER 2 PHASE CAP,OK
HCC_082,Recon 3 LIVER 2 PHASE CAP,Recon 3 LIVER 2 PHASE WITH CON,OK
HCC_083,Recon 3 LIVER 2 PHASE CAP,Recon 3 LIVER 2PHASE CAP,OK
HCC_084,Recon 3 LIVER 2PHASE CAP,Recon 3 LIVER 2 PHASE CAP,OK
HCC_085,Recon 3 LIVER 2PHASE CAP,,no comparable AFTER series
HCC_086,Recon 3 LIVER 2 PHASE CAP,Recon 3 LIVER 2PHASE CAP,OK
HCC_087,Recon 3 LIVER 2 PHASE CAP,Recon 3 2 PHASE LIVER ABD,OK
HCC_088,Recon 3 LIVER 2 PHASE CAP,Recon 3 LIVER 2 PHASE CAP,OK
HCC_089,Recon 3 LIVER 2PHASE CAP,,no comparable AFTER series
HCC_090,Recon 3 LIVER 2 PHASE CAP,LIVER 2PHASE CAP,OK
HCC_091,2.5 STANDARD,2.5 STANDARD,OK
HCC_092,2.5 STANDARD,2.5 STANDARD,OK
HCC_093,2.5 STANDARD,2.5 STANDARD,OK
HCC_094,2.5 STANDARD,Recon 2 LIVER 2PHASE CAP,OK
HCC_095,2.5 SOFT,,no comparable AFTER series
HCC_096,2.5 STANDARD,2.5 STANDARD,OK
HCC_097,2.5 STANDARD,LIVER 2PHASE CAP,OK
HCC_098,Recon 3 LIVER 2PHASE CAP,,no comparable AFTER series
HCC_099,2.5 STANDARD,,no comparable AFTER series
HCC_100,2.5 STANDARD,2.5 STANDARD,OK
HCC_101,2.5 STANDARD,2.5 STANDARD,OK
HCC_102,2.5 STANDARD,2.5 STANDARD,OK
HCC_103,2.5 STANDARD,2.5 STANDARD,OK
HCC_104,2.5 STANDARD,2.5 STANDARD,OK
HCC_105,2.5 STANDARD,2.5 STANDARD,OK
