patient,shared_organs,organ_overlap_rigid,organ_overlap_deformable,liver_overlap_rigid,liver_overlap_deformable,edge_match_rigid,edge_match_deformable,psnr_before_db,psnr_after_db,organ_shift_mm,healthy_residual_hu,flags,stacked_split,aorta_hu_before,aorta_hu_after,step1_body_overlap
HCC_001,11,0.3764,0.6476,0.5987,0.8835,0.0736,0.1824,10.3649,12.8037,22.9355,33.3457,,False,,,0.8107
HCC_002,12,0.6124,0.7669,0.8846,0.9434,0.1954,0.2791,11.5526,11.8023,9.9393,25.0188,,True,332.0,335.0,0.9245
HCC_003,13,0.6732,0.7306,0.8505,0.9253,0.1852,0.304,12.1736,13.0617,8.0934,25.4119,NO_COLOR,True,158.0,159.0,0.9185
HCC_004,11,0.4687,0.635,0.6011,0.9159,0.1128,0.2235,10.4343,11.5381,16.4642,42.1316,NO_COLOR,True,186.0,181.0,0.8756
HCC_005,13,0.6649,0.7314,0.7808,0.9109,0.1935,0.2418,12.2105,12.1916,9.7017,38.2933,NO_COLOR,False,,,0.9203
HCC_006,15,0.5924,0.7094,0.727,0.8582,0.1847,0.251,11.1988,12.4497,15.8491,36.9264,,False,,,0.8756
HCC_007,14,0.6589,0.6999,0.8602,0.884,0.1928,0.2936,12.5163,13.4437,5.4449,26.2302,NO_COLOR,True,149.0,168.0,0.9459
HCC_008,11,0.4069,0.7813,0.6836,0.8798,0.1223,0.2531,11.7524,12.7782,20.3546,26.0,,True,192.0,163.0,0.921
HCC_009,14,0.8187,0.8746,0.8789,0.9561,0.2975,0.4436,12.2723,13.506,6.1077,38.5119,NO_COLOR,False,,,0.9467
HCC_010,14,0.6778,0.8486,0.9204,0.9394,0.2771,0.43,13.2018,15.0646,4.616,28.1591,,True,143.0,167.0,0.95
HCC_011,14,0.8026,0.8142,0.9223,,0.3693,0.4699,13.0833,13.0833,1.7493,26.5708,KEPT_RIGID NO_COLOR,True,202.0,222.0,0.9495
HCC_012,12,0.1907,0.5146,0.4445,0.659,0.0848,0.1707,12.7562,13.445,31.4546,29.5271,NO_COLOR,False,,,0.8174
HCC_013,13,0.8012,0.8602,0.9201,,0.483,0.258,15.1651,15.1651,7.7632,26.255,NCC_REJECT NO_COLOR,False,,,0.9547
HCC_014,14,0.8082,0.8585,0.919,0.9502,0.346,0.4645,13.2244,14.4827,2.3922,46.0,,False,,,0.9144
HCC_015,13,0.7384,0.822,0.8888,0.928,0.3294,0.4181,13.1049,13.4947,4.6445,100.0268,NO_COLOR,False,,,0.9544
HCC_016,16,0.8272,0.8399,0.9378,,0.3856,0.379,15.6263,15.6263,2.3085,27.8927,KEPT_RIGID NO_COLOR,False,,,0.9531
HCC_017,10,0.4333,0.734,0.5916,0.9198,0.1149,0.286,10.5377,12.3385,26.1537,28.6054,NO_COLOR,False,,,0.8708
HCC_018,14,0.6639,0.7046,0.8191,0.9079,0.1881,0.2612,11.8526,12.1109,5.529,23.5524,NO_COLOR,False,,,0.9213
HCC_019,12,0.7712,0.876,0.9126,0.9473,0.2548,0.398,12.1969,13.8365,4.9978,23.4678,,False,,,0.9498
HCC_020,13,0.8028,0.8747,0.8495,0.9224,0.4164,0.4164,14.378,14.2436,8.7232,53.742,REVERT_RAW,False,,,0.9246
HCC_021,14,0.5498,0.7514,0.7488,0.9403,0.2005,0.4242,11.5966,13.1875,8.7645,26.7327,,False,,,0.8756
HCC_022,11,0.3189,0.6391,0.6786,0.8426,0.0628,0.1666,10.1242,11.1192,18.9012,37.8366,NO_COLOR,False,,,0.9154
HCC_023,14,0.6492,0.7566,0.7695,0.9002,0.1874,0.2914,11.2068,14.6542,4.2177,30.1848,,False,,,0.9115
HCC_024,15,0.5712,0.748,0.7782,0.8562,0.1171,0.2581,10.7743,11.9095,14.3163,51.0,,False,,,0.907
HCC_025,13,0.313,0.7508,0.6403,0.9454,0.0383,0.2963,9.529,12.4098,28.1698,30.1267,NO_COLOR,False,,,0.8559
HCC_026,13,0.7624,0.7747,0.8406,,0.2531,0.2949,12.3127,12.1643,8.2725,27.3492,KEPT_RIGID,False,,,0.917
HCC_027,13,0.2063,0.6764,0.565,0.842,0.0727,0.2112,8.9539,11.3029,21.9641,36.8123,,False,,,0.7622
HCC_028,14,0.3282,0.8106,0.714,0.9172,0.0612,0.3986,10.0783,14.2179,29.2589,33.9799,NO_COLOR,False,,,0.856
HCC_029,12,0.6149,0.8296,0.8428,0.9281,0.184,0.369,11.6453,14.3325,9.608,25.7113,NO_COLOR,False,,,0.9099
HCC_030,16,0.7254,0.8908,0.9213,0.9774,0.2177,0.5395,9.7802,15.7081,42.3876,17.6596,,True,103.0,196.0,0.8193
HCC_031,13,0.3545,0.7652,0.6924,0.9173,0.0704,0.2249,9.6289,12.1078,20.7909,71.5371,NO_COLOR,False,,,0.8551
HCC_032,9,0.1526,0.6731,0.3703,0.8877,0.0324,0.3023,9.8968,13.0692,36.0635,30.499,NO_COLOR,False,,,0.8144
HCC_033,15,0.3945,0.8377,0.6948,0.9501,0.0988,0.4617,10.8293,14.1681,20.9885,28.5372,NO_COLOR,False,,,0.87
HCC_034,14,0.6499,0.804,0.8475,0.9572,0.1794,0.4037,12.2988,13.9375,5.3669,26.4823,,False,,,0.8983
HCC_035,16,0.7808,0.8481,0.8947,0.9492,0.4188,0.4484,14.4586,14.5054,6.3091,19.3543,,False,,,0.9418
HCC_036,11,0.4991,0.6425,0.7246,0.8687,0.1352,0.2352,10.6024,11.0931,17.3893,99.8696,NO_COLOR,False,,,0.8816
HCC_037,10,0.2651,0.655,0.7958,0.9266,0.0716,0.173,10.588,12.6051,26.659,64.4332,NO_COLOR,False,,,0.861
HCC_038,11,0.3861,0.7042,0.5683,0.8964,0.0964,0.1737,12.0685,13.4817,34.691,22.1162,,False,,,0.9014
HCC_039,10,0.4102,0.7222,0.6584,0.8761,0.0846,0.2421,10.5582,12.482,15.5879,25.3032,,False,,,0.8919
HCC_040,12,0.3094,0.7028,0.6693,0.8408,0.095,0.2591,9.7706,11.0001,23.0634,34.2721,,False,,,0.8038
HCC_041,12,0.6514,0.7844,0.8697,0.9097,0.3069,0.3069,12.1327,12.2241,8.2294,37.3506,NO_COLOR REVERT_RAW,False,,,0.9256
HCC_042,11,0.4204,0.7672,0.7295,0.9377,0.1255,0.3454,12.211,14.0229,24.0992,35.7672,NO_COLOR,False,,,0.9125
HCC_043,7,0.4386,0.686,0.3274,0.7879,-0.0214,0.1325,9.8907,11.1246,23.1653,41.5577,,False,,,0.8162
HCC_044,15,0.7664,0.819,0.8871,0.9515,0.4348,0.4243,14.2538,14.7202,3.3707,14.3389,,False,,,0.9404
HCC_045,13,0.5555,0.735,0.8193,0.8887,0.1937,0.2336,11.8672,12.409,6.3395,17.8501,,False,,,0.9159
HCC_046,14,0.7328,0.7639,0.8846,,0.4427,0.3847,12.5122,12.2442,5.9852,26.8733,NCC_REJECT,False,,,0.9435
HCC_047,14,0.668,0.7861,0.8355,0.9297,0.1813,0.432,11.7132,13.2158,11.2015,24.2235,NO_COLOR,False,,,0.876
HCC_048,11,0.4661,0.8197,0.7385,0.9092,0.0969,0.394,10.2535,13.1614,17.272,66.0324,NO_COLOR,False,,,0.8808
HCC_049,12,0.1853,0.6971,0.6068,0.913,0.0609,0.2389,10.2547,13.6145,31.3691,51.1745,NO_COLOR,False,,,0.8238
HCC_050,13,0.4901,0.639,0.7541,0.8633,0.1073,0.1671,11.9852,12.5497,10.219,52.6033,NO_COLOR,False,,,0.8847
HCC_051,14,0.6605,0.8149,0.8827,0.9257,0.1744,0.2887,12.2863,13.3438,6.341,32.2258,,False,,,0.9211
HCC_052,11,0.6193,0.8755,0.821,0.9581,0.2002,0.352,13.4739,15.527,14.0685,39.6788,NO_COLOR,False,,,0.9305
HCC_053,15,0.5684,0.8305,0.8121,0.9196,0.2325,0.3673,12.8605,14.8677,9.973,11.9976,,False,,,0.9199
HCC_055,14,0.4709,0.6664,0.5451,0.8593,0.1058,0.2067,12.2211,13.6575,13.0159,19.8804,,False,,,0.8685
HCC_056,16,0.4677,0.7464,0.7781,0.9229,0.16,0.2502,12.1241,14.1695,13.8368,18.8888,,False,,,0.904
HCC_057,14,0.6866,0.7222,0.7766,0.8415,0.1863,0.2308,13.3356,13.6447,10.8923,47.7557,NO_COLOR,False,,,0.9537
HCC_058,13,0.2998,0.8191,0.7911,0.9508,0.0575,0.2991,10.9712,14.0534,24.3004,18.5939,,False,,,0.8811
HCC_059,12,0.4574,0.8425,0.7858,0.9112,0.1134,0.3117,10.0421,12.2876,10.8563,61.0,NO_COLOR,False,,,0.8697
HCC_060,13,0.3367,0.7757,0.507,0.9204,0.0878,0.3563,11.6164,14.891,24.7268,46.1389,NO_COLOR,False,,,0.8877
HCC_061,15,0.5413,0.7114,0.664,0.8313,0.1735,0.2839,12.9966,13.8661,9.6969,19.2422,,False,,,0.9284
HCC_062,12,0.2824,0.6817,0.6809,0.9032,0.106,0.2729,10.2694,11.4152,18.1023,30.6226,NO_COLOR,False,,,0.878
HCC_063,11,0.6244,0.7499,0.8033,0.8976,0.1033,0.228,12.7654,12.7177,13.219,64.9675,NO_COLOR,False,,,0.8862
HCC_064,13,0.4542,0.7595,0.6312,0.8922,0.1355,0.3227,11.5878,13.5052,15.0914,22.0,,False,,,0.8418
HCC_065,12,0.7256,0.8386,0.9098,0.9436,0.3063,0.5432,15.3853,17.5946,4.9416,15.452,NO_COLOR,False,,,0.9395
HCC_066,11,0.7235,0.7732,0.9001,0.8749,0.2575,0.2585,12.8151,14.5123,4.7741,27.0,,False,,,0.9189
HCC_067,13,0.3283,0.5422,0.6478,0.8755,0.0455,0.1594,12.2096,12.9242,20.0962,22.3688,,False,,,0.8721
HCC_068,15,0.6381,0.8778,0.7848,0.9601,0.1492,0.4513,11.1589,13.5722,13.7876,43.6655,NO_COLOR,True,275.0,214.0,0.9448
HCC_069,13,0.7168,0.8493,0.8231,0.9444,0.1801,0.4822,12.9608,13.6689,8.5881,14.0,,False,,,0.9064
HCC_070,10,0.5498,0.7063,0.8507,0.9055,0.1749,0.2769,11.186,11.4879,5.4961,44.0,,False,,,0.8764
